name,desc,year,wiki_url,en,cat,inv,sig,id,outEdges
雕版印刷,中国古代重要发明，唐代已有成熟应用。现存最早印刷品包括《陀罗尼经》和《金刚经》，后者可追溯至868年，书法雕刻精巧。印刷技术用于历书等实用物品，对文化传播产生深远影响。,650,https://zh.wikipedia.org/wiki/%E9%9B%95%E7%89%88%E5%8D%B0%E5%88%B7,Woodblock Printing,culture,唐代工匠,唐代成熟应用，推动书籍与历书传播，促进文化普及,woodblock_printing,[]
活字印刷,中国古代四大发明之一，由北宋工匠毕升于11世纪发明，使用陶土活字。沈括在《梦溪笔谈》中记载此技术，后经元朝王祯改进木活字，明朝华燧完善铜活字，清朝徐志定发展瓷版印刷，极大推动了书籍生产和文化传播。,1088,https://zh.wikipedia.org/wiki/%E6%B4%BB%E5%AD%97%E5%8D%B0%E5%88%B7,Movable Type,culture,毕昇,推动书籍复制效率跃升，开启印刷技术新阶段,movable_type,[]
古书装订,中国古代书籍装订技术历经演变。晚唐时期纸本书从书卷转向折页成册，宋代发展出'蝴蝶'装订，元代改进书背保护，明代采用线缝装订。这些创新促进了书籍保存与传播，体现了中国印刷文化的发展。,960,https://zh.wikipedia.org/w/index.php?title=%E6%9D%B1%E4%BA%9E%E5%82%B3%E7%B5%B1%E8%A3%BD%E5%86%8A&action=edit&redlink=1,Ancient Chinese Bookbinding,culture,工匠,促进书籍保存与传播，体现印刷文化发展,ancient_chinese_bookbinding,[]
水运浑象,中国古代天文仪器，由汉朝耿寿昌于前52年独立发明浑象，东汉张衡首次应用水车和齿轮驱动浑象，利用水钟提供动力并改进补偿水箱，推动天文学发展。,-52,https://zh.wikipedia.org/wiki/%E6%B5%91%E8%B1%A1,Water-Powered Celestial Globe,science,张衡,首次应用水力驱动浑象，改进补偿水箱，推动天文学观测精度提升,water_powered_celestial_globe,[]
打捞,中国古代打捞技术历史悠久。公元前219年，秦始皇曾尝试打捞泗水九鼎未果。宋朝时期，僧人怀丙利用浮力原理成功打捞黄河铁牛，通过船只装载土后弃土产生浮力将重物拖起，展现了先进的工程智慧。,-219,https://zh.wikipedia.org/wiki/%E6%89%93%E6%92%88,Ancient Salvage Technology,engineering,怀丙,宋代僧人怀丙利用浮力原理打捞黄河铁牛，展现古代工程智慧。,ancient_salvage_technology,[]
漕船,漕船是中国古代船舶的独特设计，起源于汉朝中叶后，具有方形船首船尾和扁平船体。它采用平铺型船体，无龙骨和尾骨，以坚实横向舱壁替代结构性肋材。据万震《南州异物志》记载，漕船使用前后帆，可搭载大量人员和货物，体现了古代中国造船技术的先进性。,-202,https://zh.wikipedia.org/w/index.php?title=%E6%BC%95%E8%88%B9&action=edit&redlink=1,Cao Ship,navigation,汉朝工匠,采用平铺船体与前后帆设计，提升古代内河运输效率,cao_ship,[]
水力风箱,中国古代冶铁技术的重要发明。东汉杜诗利用水车驱动风箱，提高了冶铁产量，将旋转运动转换为往复运动，对冶铁业发展有重大意义。,38,https://zh.wikipedia.org/wiki/%E9%A3%8E%E7%AE%B1,Water-Powered Bellows,metallurgy,杜诗,利用水车驱动风箱，提高冶铁产量，推动冶铁业发展,water_powered_bellows,[]
传动带,中国古代传动带技术源远流长。汉朝扬雄在《方言》中提及皮带传动用于卷纬机，魏晋马钧发明相关机械，宋朝秦观《蚕书》描述缫丝设备，元朝王祯《农书》记载多轴纺车应用。此技术对纺车发展至关重要，促进了纺织业进步。,-15,https://zh.wikipedia.org/wiki/%E5%B8%A6_(%E6%9C%BA%E6%A2%B0),Transmission Belt,textile,工匠,提升纺车效率，推动古代纺织技术发展,transmission_belt,[]
钻探,中国古代钻探技术历史悠久，至少不晚于汉朝已用于开采卤水和采矿。四川汉代陵墓浮雕描绘了深部钻探场景，钻孔深度可达600米。河北兴隆西汉青铜铸造厂附近有深达100米的采矿竖井，采用木料和铁工具建造。这些技术展示了古代中国在钻探领域的先进成就。,-202,https://zh.wikipedia.org/wiki/%E9%92%BB%E6%8E%A2,Ancient Chinese Drilling,engineering,汉代工匠,汉代已用于深井开采，钻孔深度达600米，展现先进工程技术。,ancient_chinese_drilling,[]
多管条播机,中国古代农业机械，最早发明于前2世纪的汉朝时期，称为耧车或多管条播机。它能在短时间内将种子播成一条直线，提高播种效率，对古代中国农业发展有重要贡献。,-200,https://zh.wikipedia.org/wiki/%E8%80%AC,Multi-tube Seed Drill,agriculture,汉朝工匠,提高播种效率，促进古代中国农业发展,multi_tube_seed_drill,[]
青瓷,青瓷是中国古代陶瓷的重要类型，东汉时期在浙江已有相关碎片出土，三国时期已广为人知。北宋初期烧制技术成熟，龙泉青瓷等产品釉色独特，对后世景德瓷和德化白瓷的发展有重要影响。,25,https://zh.wikipedia.org/wiki/%E9%9D%92%E7%93%B7,Celadon Porcelain,craft,工匠,东汉起源，北宋成熟，釉色独特，影响后世陶瓷发展,celadon_porcelain,[]
负数,中国古代在《九章算术》中已有负数记载，刘徽于公元263年评注时使用算筹系统，以黑筹表示负数、红筹表示正数，并采用倾斜摆放方式。这体现了早期数学中对负数的认知与应用。,179,https://zh.wikipedia.org/wiki/%E8%B4%9F%E6%95%B0,Negative Number Notation,math,刘徽,《九章算术》记载负数，刘徽用算筹系统表示，推动早期数学发展,negative_number_notation,[]
卡瓦列里原理,中国古代数学原理，最早记载于汉朝《九章算术》，由魏朝数学家刘徽评注。描述等高处横截面积相等的两个同高立体体积相等，体现了古代中国在几何学方面的成就。,-202,https://zh.wikipedia.org/wiki/%E7%A5%96%E6%9A%85%E5%8E%9F%E7%90%86,Cavalieri's Principle in Ancient China,math,刘徽,中国古代几何学重要原理，记载于《九章算术》，体现早期数学成就。,cavalieri_s_principle_in_ancient_china,[]
曲柄,曲柄在中国古代技术中应用广泛。最早见于前1世纪汉朝的陶陪葬模型，用于风扇车。唐宋时期扩展至谷物磨坊、丝绸缫丝机、水力风箱等装置，推动农业和手工业发展。,-100,https://zh.wikipedia.org/wiki/%E6%9B%B2%E6%9F%84,Crank Handle,engineering,工匠,应用于风扇车、磨坊等，推动古代农业和手工业发展,crank_handle,[]
精炼炉,中国古代用于炼铁的重要设备，最早可追溯至战国时期（前403年-前221年），汉朝早期铁生沟遗址发现铸铁精炼成熟铁与钢的样本。精炼过程涉及加热铸铁液化并通过氧化还原反应去碳，在传统中国冶炼中具有重要特征。,-403,https://zh.wikipedia.org/w/index.php?title=%E7%B2%BE%E7%82%BC%E7%82%89&action=edit&redlink=1,Refining Furnace,metallurgy,战国工匠,中国古代炼铁关键设备，促进铸铁向钢的转化，提升冶金技术,refining_furnace,[]
万向轴,中国古代称为'被中香炉'，由汉朝丁缓发明，利用金属环保持炉心水平。唐朝有银制品留存，梁朝用于门窗铰链，公元692年进献武则天的暖炉也使用了此技术。,-179,https://zh.wikipedia.org/wiki/%E4%B8%87%E5%90%91%E8%BD%B4,Gimbal Mechanism,engineering,丁缓,汉朝发明，用于保持炉心水平，后扩展至门窗铰链与暖炉，体现早期机械平衡技术,gimbal_mechanism,[]
玉衣,玉衣是中国汉朝时期贵族使用的殓葬服饰，以玉片和金丝制成。考古发现如河北中山靖王刘胜墓出土的玉衣，证实了古文献记载。玉衣在西汉和东汉时期流行，主要分布在河北、山东等地，后于魏文帝时期被禁用而逐渐消失。,-180,https://zh.wikipedia.org/wiki/%E7%8E%89%E8%A1%A3,Jade Burial Suit,culture,汉朝工匠,汉代贵族殓葬服饰，体现玉文化在丧葬中的重要性,jade_burial_suit,[]
立体地势图,中国古代已有立体地势图记载。汉朝马援于公元32年用米堆制作，刘宋谢庄建造可拆卸木制模型，宋朝沈括受命制作三维地图，宋神宗下令推广，朱熹也仿制黏土木材模型，用于军事和地理展示。,-221,https://zh.wikipedia.org/wiki/%E5%9C%B0%E5%9B%BE%E5%AD%A6,Three-Dimensional Relief Maps,engineering,工匠,用于军事和地理展示，提升地形认知与战略规划能力,three_dimensional_relief_maps,[]
地震仪,汉朝张衡于公元132年发明，为世界首台地震仪，利用惯性原理通过金属球掉落指示地震方向，用于朝廷救灾。后世朝代沿用其设计至唐朝，元代周密亦有记载。,132,https://zh.wikipedia.org/wiki/%E5%9C%B0%E9%9C%87%E5%84%80,Seismoscope,science,张衡,世界首台地震仪，利用惯性原理指示地震方向，用于朝廷救灾。,seismoscope,[]
独轮车,独轮车在中国西汉时期（公元前1世纪）已有文字记载，东汉时期（公元2世纪）的四川成都扬子山二号墓壁画描绘了其使用状况，表明其在中国古代的应用历史。,-100,https://zh.wikipedia.org/wiki/%E7%8D%A8%E8%BC%AA%E8%BB%8A,Wheelbarrow,engineering,工匠,中国古代运输工具，提高搬运效率，促进农业与工程建设。,wheelbarrow,[]
水车动力傀儡戏,中国古代机械玩偶剧场，由三国时期巧匠马钧发明，称为'水转百戏'。利用水车动力驱动木偶表演杂耍、奏乐、跳舞等复杂动作，展现了古代中国在机械自动化领域的先进技术，对后世傀儡戏发展有重要影响。,226,https://zh.wikipedia.org/wiki/%E9%A9%AC%E9%92%A7,Water-Powered Puppet Theater,engineering,马钧,利用水车驱动木偶表演，展现古代机械自动化技术，影响后世傀儡戏发展。,water_powered_puppet_theater,[]
风扇车,风扇车是中国古代用于谷物加工的农具，最早在汉代陶制模型中出现，唐代颜师古在《急就篇》评注中提及，宋代梅尧臣的诗作也有描述。元代王祯《农书》收录了最早的插画，主要用于分离粗糠和谷物。,-40,https://zh.wikipedia.org/wiki/%E9%A3%8E%E6%89%87%E8%BD%A6,Winnowing Fan,agriculture,汉代工匠,汉代出现，用于谷物加工，提高分离粗糠效率，促进农业发展,winnowing_fan,[]
旋转风扇,汉朝匠人丁缓发明了手操作旋转风扇，唐朝时期发展为水力驱动，宋朝时更加普及，用于通风降温。,180,https://zh.wikipedia.org/wiki/%E9%A3%8E%E6%89%87,Hand and Water Powered Fans,engineering,丁缓,汉朝发明，唐朝水力化，宋朝普及，用于通风降温技术,hand_and_water_powered_fans,[]
铬,中国在公元前210年已发明铬的利用，秦始皇兵马俑遗址出土的铜制箭头镀铬防腐蚀，展示了古代工匠的先进技术。这一发现早于西方，体现了中国古代在金属处理方面的成就。,-210,https://zh.wikipedia.org/wiki/%E9%93%AC,Chromium Use in Ancient China,metallurgy,秦代工匠,秦代已用铬镀铜箭防腐，早于西方，体现古代金属处理先进技术。,chromium_use_in_ancient_china,[]
象棋,象棋起源于中国，历史学者认为可能由汉朝韩信发明，后经北周武帝还原。隋朝曾遭禁，唐代唐太宗着迷，诗人白居易为其赋诗。在中国衍生出暗棋等变种，具有悠久历史。,-196,https://zh.wikipedia.org/wiki/%E8%B1%A1%E6%A3%8B,Chinese Chess,culture,韩信,起源于中国，经汉朝韩信发明，后流传演变，成为传统棋类游戏。,chinese_chess,[]
走马灯,中国古代一种利用热气流驱动的旋转灯。秦汉时期已有记载，汉代晚期工匠丁缓制作'九层博山香垆'为早期实例。通过蜡烛或油灯加热，使顶部叶片旋转带动纸筒，呈现动态图案，常用于娱乐和宗教仪式，后世多有仿制。,-121,https://zh.wikipedia.org/wiki/%E8%B5%B0%E9%A9%AC%E7%81%AF,Chinese Zoetrope Lantern,craft,丁缓,利用热气流驱动旋转，用于娱乐和宗教仪式，体现早期机械原理,chinese_zoetrope_lantern,[]
科举,中国古代选拔官员的制度。起源于隋朝，向非商阶级男性开放，成为全国任官必要条件。宋代扩大规模，采用誊录等方法确保公平，对仕绅阶层影响深远。,581,https://zh.wikipedia.org/wiki/%E7%A7%91%E4%B8%BE,Imperial Examination System,culture,隋朝,开创官员选拔新制度，影响中国社会结构千年,imperial_examination_system,[]
盘山渠道,秦始皇统一后，命令史禄开凿灵渠，连接湘江和漓江，用于向南输送粮草以征服百越。据《史记》记载，这是世界上最古老的盘山渠道，沿山鞍轮廓开凿，后期有36道陡门。,-221,https://zh.wikipedia.org/w/index.php?title=%E7%9B%98%E5%B1%B1%E6%B8%A0%E9%81%93&action=edit&redlink=1,Mountain Contour Canal,engineering,史禄,连接湘江与漓江，用于输送粮草，促进南方统一与水利工程发展,mountain_contour_canal,[]
连弩,连弩是中国古代的一种弩机，可连续发射多支箭矢，提高了射击效率。在三国时期，诸葛亮对其进行了改进，增强了军事作战能力，广泛应用于古代战争中，体现了中国在兵器制造方面的创新。,255,https://zh.wikipedia.org/wiki/%E9%80%A3%E5%BC%A9,Repeating Crossbow,military,诸葛亮,提高射击效率，增强军事作战能力，体现兵器制造创新,repeating_crossbow,[]
合成钢,中国古代合成钢工艺最早明确记载于6世纪道家匠人綦母怀文，融合熟铁与铸铁生产钢铁。唐代《新修本草》和明代《天工开物》详细描述了制程，用于锻造镰刀、刀剑等工具，比西方平炉技术更早。,543,https://zh.wikipedia.org/wiki/%E7%82%BC%E9%92%A2,Synthetic Steel,metallurgy,綦母怀文,融合熟铁与铸铁，提升钢铁质量，用于工具和武器制造,synthetic_steel,[]
马鞅,马鞅是中国古代对轭具的重要改进，最早可追溯至公元前1世纪的汉朝砖画。北魏敦煌壁画和唐朝壁画均有描绘，用于马匹或骆驼，提升了牵引效率。,-100,https://zh.wikipedia.org/w/index.php?title=%E9%A9%AC%E9%9E%85&action=edit&redlink=1,Horse Yoke,engineering,汉朝工匠,改进轭具设计，提升马匹牵引效率，促进古代运输发展,horse_yoke,[]
磨车,中国古代机械装置，最早见于后赵时期（319年-351年）陆翙《邺中记》，由解飞和魏猛变发明。磨车是一种兽力车，通过车轮运动带动磨石旋转，用于磨碎小麦等谷物，后失传。明代《远西奇器图说录最》中提及西方类似装置源于中国。,319,https://zh.wikipedia.org/w/index.php?title=%E7%A3%A8%E8%BD%A6&action=edit&redlink=1,Animal-powered Grinding Cart,engineering,解飞和魏猛变,后赵时期发明的兽力磨谷机械，提高谷物加工效率，后失传。,animal_powered_grinding_cart,[]
油墨,油墨最早在中国出现，可追溯至公元前3千年或曹魏时期。宋代沈括首次从石油油烟中提取墨，李时珍记载其光泽如漆，优于松烟墨，推动了书写材料发展。,-3000,https://zh.wikipedia.org/wiki/%E6%B2%B9%E5%A2%A8,Ink from Petroleum Soot,culture,沈括,宋代从石油油烟提取，光泽如漆，推动书写材料发展,ink_from_petroleum_soot,[]
水密隔舱,中国古代造船技术，最早记载见于5世纪《异苑》。宋朝朱彧《萍洲可谈》描述中国船只建有舱壁，1973年出土的宋代沉船考古证实船体分隔成12个防水房室，建造于1277年。西方学者如马可波罗等视其为中国独创，西方造船19世纪才采用此布局。,500,https://zh.wikipedia.org/wiki/%E6%B0%B4%E5%AF%86%E9%9A%94%E8%88%B1,Watertight Compartments,navigation,工匠,提高船舶抗沉性，影响世界造船技术发展,watertight_compartments,[]
火柴,中国古代发明，最早可追溯至公元577年北齐时期，由宫女为生火取暖而创制。早期火柴以松木棒浸硫磺制成，需用火焰点燃，后商品化为'火寸'，记载于五代十国陶谷的《清异录》中。,577,https://zh.wikipedia.org/wiki/%E7%81%AB%E6%9F%B4,Early Chinese Match,craft,宫女,早期火柴发明，用于生火取暖，后发展为商品'火寸'。,early_chinese_match,[]
风筝载人飞行,中国古代风筝载人飞行的历史记载可追溯至北齐时期。据《北史》和《资治通鉴》记载，齐文宣帝曾用死囚进行风筝载人试验，如元黄头飞行约3.2公里。这些事件反映了早期中国对飞行技术的探索。,550,https://zh.wikipedia.org/w/index.php?title=%E9%A3%8E%E7%AD%9D%E8%BD%BD%E4%BA%BA%E9%A3%9E%E8%A1%8C&action=edit&redlink=1,Kite Human Flight,engineering,北齐工匠,早期飞行技术探索，体现中国古代工程创新精神,kite_human_flight,[]
自动门,据《太平广记》记载，隋朝隋炀帝在皇宫观文殿设有私人图书馆，其中书堂入口装有脚踏触发机关，能自动拉开锦幔、半开门扉并开启书橱，展现了中国古代机械技术的创新应用。,618,,Foot-Triggered Automatic Door,engineering,隋朝工匠,隋朝皇宫机械装置，体现古代自动化技术应用,foot_triggered_automatic_door,[]
气瓶,中国古代利用天然气和石油的便携式容器。汉朝起用竹管运输天然气煮盐，唐朝有'火井'记载，宋朝用竹筒装石油照明，清朝方志描述皮囊装天然气提供光和热。,-202,https://zh.wikipedia.org/wiki/%E6%B0%94%E7%93%B6,Ancient Chinese Gas Container,engineering,工匠,利用天然气和石油的便携式容器，促进能源利用与照明技术发展,ancient_chinese_gas_container,[]
纸币,纸币最早在中国唐代出现，源于商家的储金收据。宋代政府为应对铜币短缺，于11世纪早期授权私人银行发行纸币，后于1023年设立机构监管印行，12世纪推广全国，成为世界上最早的纸币体系。,618,https://zh.wikipedia.org/wiki/%E7%BA%B8%E5%B8%81,Paper Money,trade,宋代政府,世界上最早的纸币体系，促进贸易流通，应对货币短缺问题,paper_money,[]
透光镜,中国古代铜镜，唐代《古镜记》记载其浇铸方法，宋代沈括《梦溪笔谈》描述其传家宝。镜面抛光后反射光线时，能将背面花纹投影于光晕中，产生透光效果，得名'透光镜'。沈括推测镜面有细微纹路，虽解释不准确，但揭示了其不透明本质。,800,https://zh.wikipedia.org/wiki/%E5%8F%A4%E9%95%9C,Light-Transmitting Mirror,craft,工匠,唐代记载浇铸方法，宋代沈括描述其透光现象，体现古代铜镜工艺与光学探索。,light_transmitting_mirror,[]
擒纵器,擒纵机构最早用于钟表机械由唐代僧侣一行开发，应用于水力浑象仪，后见于张思训和苏颂的浑仪。中国古代擒纵器利用重力与水力驱动，实现定时击鼓撞钟，不同于西方机械钟的砝码驱动机制。,618,https://zh.wikipedia.org/wiki/%E6%93%92%E7%BA%B5%E5%99%A8,Chinese Escapement Mechanism,engineering,一行,唐代僧侣一行开发，应用于水力浑象仪，实现定时功能，推动古代计时技术发展。,chinese_escapement_mechanism,[]
披水板,中国古代航海技术发明，用于减少风力造成的背风漂移。唐朝李筌在《太白阴经》中首次记载，描述战船使用披水板以保持航向稳定，防止翻船。这一发明体现了古代中国在船舶控制方面的智慧，对后世航海发展有重要影响。,759,https://zh.wikipedia.org/w/index.php?title=%E6%8A%AB%E6%B0%B4%E6%9D%BF&action=edit&redlink=1,Leeboard,navigation,李筌,唐朝战船用于稳定航向，减少背风漂移，提升航海安全性。,leeboard,[]
自行舟,隋朝工匠黄衮为隋炀帝制造水饰，包括机械木俑和自动酒舟，用于宫廷宴会。酒舟在园林石渠中定时运行，呈杯和倒酒木俑自动服务宾客，展示古代中国机械自动化技术。,604,https://zh.wikipedia.org/w/index.php?title=%E8%87%AA%E5%8A%A8%E6%9C%BA%E6%A2%B0%E8%A3%85%E7%BD%AE&action=edit&redlink=1,Automatic Wine Boat with Mechanical Figures,engineering,黄衮,隋朝宫廷自动化机械，展示古代中国工程技艺与娱乐创新,automatic_wine_boat_with_mechanical_figures,[]
纸牌,纸牌游戏在中国历史悠久，唐代已有'叶子戏'的记载，见于苏鹗《杜杨杂编》。宋代欧阳修在《归田录》中提及纸牌自唐中叶流行，与纸张发展相关。明代纸牌上常出现小说角色，如《水浒传》。,868,https://zh.wikipedia.org/wiki/%E6%89%91%E5%85%8B%E7%89%8C,Playing Cards,culture,唐代工匠,唐代已有叶子戏记载，宋代流行，明代融入小说角色，丰富娱乐文化,playing_cards,[]
豆腐,豆腐是中国传统食品，传统上归功于西汉淮南王刘安发明。最早明确记载豆腐的文献是北宋初期的《清异录》，而最早详细记录制作方法的是李时珍的《本草纲目》。豆腐以大豆为原料，通过凝结制成，在中国饮食文化中具有重要地位。,960,https://zh.wikipedia.org/wiki/%E8%B1%86%E8%85%90,Tofu,culture,刘安,以大豆为原料的传统食品，丰富中国饮食文化,tofu,[]
菜单,菜单在中国宋代（公元960-1279年）兴起，源于城市商业发展，商人阶层在外就餐需求增加，饮食业者为满足多样口味而创制，促进了餐饮文化的繁荣。,960,https://zh.wikipedia.org/wiki/%E8%8F%9C%E5%8D%95,Menu in Song Dynasty,culture,饮食业者,满足城市商业需求，促进餐饮文化繁荣,menu_in_song_dynasty,[]
链条传送,不间断动力链条传动在11世纪的中国首次出现，可能灵感源于汉代已知的链泵。宋朝官员苏颂于1090年在开封的水运仪象台中应用此传动装置，用于旋转浑仪和驱动报时人俑，展示了古代中国机械工程的高超技艺。,1090,https://zh.wikipedia.org/w/index.php?title=%E9%93%BE%E6%9D%A1%E4%BC%A0%E5%8A%A8&action=edit&redlink=1,Continuous Chain Drive,engineering,苏颂,宋代应用于水运仪象台，展示古代中国机械工程的高超技艺,continuous_chain_drive,[]
斗门水闸,中国古代水利工程发明。宋朝初期乔维岳发明双门斗门水闸，使船只能在运河水道安全航行。沈括在《梦溪笔谈》中记载其经济与交通便利，推动了宋代航运发展。,984,https://zh.wikipedia.org/w/index.php?title=%E6%96%97%E9%97%A8%E6%B0%B4%E9%97%B8&action=edit&redlink=1,Double Gate Sluice,engineering,乔维岳,宋代航运关键发明，提升运河航行安全与效率,double_gate_sluice,[]
烟花,烟花起源于中国宋朝，以早期火药为基础制成，最初为竹筒装火药的形式。当时已有市场销售和宫廷表演，如1183年军事操演中施放大型烟花。烟花技术后应用于战争，如火箭推进装置。,960,https://zh.wikipedia.org/wiki/%E7%83%9F%E8%8A%B1,Fireworks,craft,宋朝工匠,源于火药技术，用于庆典表演，后应用于军事火箭推进。,fireworks,[]
火焰喷射器,中国古代火焰喷射器，利用双活塞注射器技术压缩猛火油喷出火焰。猛火油在五代十国时期首次用于实战，宋朝《武经总要》详细记载了该装置，并使用黑火药引信启动，区别于希腊版本需外部点火。,932,https://zh.wikipedia.org/w/index.php?title=%E5%8F%8C%E6%B4%BB%E5%A1%9E%E3%80%81%E7%81%AB%E8%8D%AF%E5%90%AF%E5%8A%A8%E7%9A%84%E7%81%AB%E7%84%B0%E5%96%B7%E5%B0%84%E5%99%A8&action=edit&redlink=1,Double-Piston Gunpowder Flamethrower,military,宋朝工匠,五代十国首次实战使用猛火油，宋朝改进为火药启动，提升军事攻击效率。,double_piston_gunpowder_flamethrower,[]
手铳,手铳是中国古代的一种金属管火器，最早可追溯至公元13世纪。据《元史》记载，1288年元朝女真族将领李庭曾使用'铳卒'，这是已知最早的相关文字记录。黑龙江出土的元代青铜手铳长约0.3米，重约3.6公斤，具有火门和均匀内膛设计，能承受爆炸力，体现了早期火器技术。,1288,https://zh.wikipedia.org/wiki/%E6%89%8B%E9%93%B3,Hand Cannon,military,元朝工匠,早期金属管火器，推动火器技术发展，影响军事变革,hand_cannon,[]
地雷,中国古代地雷最早记载于宋朝，公元1277年部将娄铃辖使用'火炮'对抗入侵。元末明初的《火龙经》详细描述了球形铸铁地雷，由焦玉和刘基记述，其导火线通过敌人触发的机关点燃，推动了中国古代军事技术的发展。,1277,https://zh.wikipedia.org/wiki/%E5%9C%B0%E9%9B%B7,Landmine,military,工匠,推动中国古代军事技术发展，增强防御能力,landmine,[]
印刷地图,中国最早印刷地图出现在宋朝（960-1279年）。《十五国风地理之图》由杨甲编入1155年的《六经图》，标志着地图印刷技术的早期应用。,960,https://zh.wikipedia.org/w/index.php?title=%E5%88%B6%E5%9B%BE%E5%8F%B2&action=edit&redlink=1,Earliest Printed Map,culture,杨甲,标志地图印刷技术早期应用，推动地理知识传播,earliest_printed_map,[]
火龙经,《火龙经》是明代焦玉和刘基编纂的军事著作，记载了'神火飞鸦'等火箭武器。神火飞鸦采用竹筐和胶纸制成鸟形，配备火药和火箭推进，用于远程攻击敌营或船只，体现了中国古代火箭技术的创新。,1368,https://zh.wikipedia.org/wiki/%E7%81%AB%E9%BE%99%E7%BB%8F#火箭,Fire Dragon Manual,military,焦玉和刘基,记载火箭武器如神火飞鸦，推动中国古代火箭技术发展,fire_dragon_manual,[]
水雷,中国古代军事著作《火龙经》记载了水雷，由焦玉和刘基描述，用于河川湖海，由熟铁制成，装在牛脬内，使用定时装置和防水保护。后来宋应星在《天工开物》中改进了设计，用生漆皮囊和拉索引爆机制。,1375,https://zh.wikipedia.org/wiki/%E6%B0%B4%E9%9B%B7,Naval Mine,military,焦玉和刘基,早期水雷设计，用于河川湖海，提升古代水战防御能力,naval_mine,[]
猪鬃牙刷,中国明朝时期（约1498年）发明了使用猪鬃刷毛的牙刷，明孝宗在位期间已有使用记录，体现了古代中国的口腔卫生实践。,1490,https://zh.wikipedia.org/wiki/%E7%89%99%E5%88%B7,Pig Bristle Toothbrush,culture,明朝工匠,明代已有使用记录，体现古代中国口腔卫生实践。,pig_bristle_toothbrush,[]
麻将,麻将是一种起源于中国的牌类游戏。据传由清朝宁波官员陈鱼门发明，其前身可追溯至唐代的卡片游戏和明代的马吊牌，后演变为现代形式。,1644,https://zh.wikipedia.org/wiki/%E9%BA%BB%E5%B0%86,Mahjong,culture,陈鱼门,源自中国牌类游戏，融合历史元素，成为流行文化象征,mahjong,[]
青蒿素,青蒿素是从黄花蒿中提取的抗疟疾药物。中国古代医书《肘后备急方》记载了相关方剂。1972年，中国科学家屠呦呦领导的团队发现并验证了其抗疟效果，对全球疟疾治疗有重要贡献。,1972,https://zh.wikipedia.org/wiki/%E9%9D%92%E8%92%BF%E7%B4%A0,Artemisinin Antimalarial Properties,medicine,屠呦呦团队,从传统方剂中提取验证，革新全球疟疾治疗，挽救无数生命,artemisinin_antimalarial_properties,[]
杂交水稻,1973年在中国南方出现，由袁隆平领导的农业科学家团队开发。这种新型水稻提高了产量，在耕地有限的情况下具有重要价值，被许多亚洲和非洲国家采用。,1973,https://zh.wikipedia.org/wiki/%E6%9D%82%E4%BA%A4%E6%B0%B4%E7%A8%BB,Hybrid Rice Varieties,agriculture,袁隆平团队,提高水稻产量，在耕地有限条件下保障粮食安全，推广至亚非多国。,hybrid_rice_varieties,[]
玉礼器,中国古代玉礼器在新石器时代广泛出现，如兴隆洼、红山、良渚等文化遗址出土玉器，包括圭、璋、璧、琮、琥、璜六种形状，记载于《周礼》，用于祭祀和礼仪活动，体现早期文明的社会等级和宗教信仰。,-6200,https://zh.wikipedia.org/wiki/%E7%8E%89%E5%99%A8,Jade Ritual Objects,culture,先民,新石器时代用于祭祀礼仪，体现早期社会等级与宗教信仰,jade_ritual_objects,[]
长方形棺椁,中国古代长方形棺椁起源早，陕西半坡遗址发现前5000年木棺，山东大汶口文化有木椁。新石器时代良渚文化出现一棺一椁，龙山文化发展至三重棺，彰显身份地位。战国时期曾侯乙墓沿用双层结构，体现礼制传统。,-5000,https://zh.wikipedia.org/w/index.php?title=%E9%95%BF%E6%96%B9%E5%BD%A2%E6%A3%BA%E6%A4%81&action=edit&redlink=1,Rectangular Coffin and Outer Coffin,culture,先民,新石器时代起源，体现早期丧葬文化和身份等级制度,rectangular_coffin_and_outer_coffin,[]
鼍鼓,中国古代新石器时代鼓类乐器，以扬子鳄皮覆盖木框制成。考古发现于大汶口、龙山、陶寺等文化遗址，可追溯至前4100年。在《诗经》等古籍中记载，鼍鼓用于祭祀、礼仪和迎神驱鬼，体现了早期中国的仪礼文化。,-5500,https://zh.wikipedia.org/wiki/%E9%BC%93,Alligator Drum,culture,先民,新石器时代祭祀乐器，体现早期中国仪礼文化,alligator_drum,[]
生漆,生漆是中国古代利用漆树树皮乳胶制成的天然涂料。新石器时代河姆渡文化出土的红漆碗为最早漆器，商周时期漆器工艺成熟，用于装饰和棺木。汉朝设有官方作坊，漆器题献产地和日期，如四川成都制造，对研究古代工艺有重要意义。,-5000,https://zh.wikipedia.org/wiki/%E7%94%9F%E6%BC%86,Raw Lacquer,craft,先民,新石器时代已使用，推动漆器工艺发展，成为重要装饰材料,raw_lacquer,[]
餐叉,叉在中国的使用可追溯至早期青铜时代。考古学家在齐家文化（前2400年-前1900年）墓地发现骨叉，商朝及后世墓葬中也常见叉子陪葬品，表明其在中国古代饮食文化中的悠久历史。,-2400,https://zh.wikipedia.org/wiki/%E9%A4%90%E5%8F%89,Ancient Chinese Fork,culture,先民,齐家文化已有骨叉，商朝墓葬常见，体现古代饮食文化悠久历史,ancient_chinese_fork,[]
三足陶器,三足陶器是中国新石器时代至商朝时期的独特陶制容器，主要发现于北方裴李岗文化等遗迹，如裴李岗、贾湖等地。其形制包括三足碗、罐、鬲、鼎和鬶，具有三个短粗支柱。在中国大陆以外，仅台湾和中南半岛有类似发现。陕西华县的鸟型三足陶器及大汶口文化的鬶可能与传说中的三足乌相关，最早描绘见于河南庙底沟文化陶器，后在《淮南子》和《史记》中有记载。,-7000,https://zh.wikipedia.org/wiki/%E9%99%B6%E5%99%A8,Three-legged Pottery,craft,先民,新石器时代至商朝独特陶器，体现早期工艺与文化交流,three_legged_pottery,[]
龟卜,中国古代占卜方法，考古发现可追溯至前4000-前3000年的大汶口文化，在贾湖等遗址出土龟壳骰，用于祭祀庆典或占卜活动，体现了早期中国的宗教与文化实践。,-4000,https://zh.wikipedia.org/w/index.php?title=%E9%BE%9F%E5%8D%9C&action=edit&redlink=1,Turtle Shell Divination,culture,先民,早期宗教文化实践，体现祭祀占卜传统,turtle_shell_divination,[]
三角犁,三角犁是中国古代农具，可追溯至马家浜文化约前3500年，在太湖附近发现。良渚和马桥遗址也有同期发现，表明密集耕作技术已开发。从河姆渡和罗家角圆锹演变而来，松泽文化小犁为过渡，后良渚时期使用畜力牵引。,-3500,https://zh.wikipedia.org/wiki/%E7%8A%81,Triangular Plow,agriculture,先民,推动密集耕作技术发展，为畜力牵引奠定基础,triangular_plow,[]
饕餮,饕餮是中国古代文物上的装饰图形面具，最早原型发现于湖南高庙遗迹。在河姆渡文化、龙山文化、良渚文化等新石器时代陶器、玉器上常见，晚商青铜器上尤为突出，西周中期后逐渐消失。名称初见于《左传》，描述见于《吕氏春秋》。,-5400,https://zh.wikipedia.org/wiki/%E9%A5%95%E9%A4%AE,Taotie Motif,culture,先民,新石器时代至商周时期的重要装饰图案，体现早期艺术与信仰,taotie_motif,[]
用盐,中国盐使用历史悠久，重庆中坝遗址可追溯到公元前2000年提供制盐考古证据。西汉桓宽著《盐铁论》记载盐铁垄断辩论，盐铁垄断长期为国家重要财政收入来源。,-2000,https://zh.wikipedia.org/wiki/%E9%A3%9F%E7%9B%90,Salt Use and Monopoly,trade,先民,盐铁垄断成为国家重要财源，影响经济政策与民生,salt_use_and_monopoly,[]
丝绸,中国新石器时代已有丝绸，湖南出土绸片可追溯至前3630年。浙江良渚文化遗址出土丝绸制品约前2570年。商朝安阳殷墟铭刻为最早丝绸书面记录，丝绸是中国古代重要发明与文化象征。,-3630,https://zh.wikipedia.org/wiki/%E4%B8%9D%E7%BB%B8,Silk,textile,先民,新石器时代已有丝绸，是中国古代重要发明与文化象征,silk,[]
大豆种植,大豆起源于中国，约公元前3500年自野生驯化。中国东北在公元前2000年已有种植记录，可追溯至西周时期。5世纪起在东亚广泛栽培，是重要的农作物。,-3500,https://zh.wikipedia.org/wiki/%E5%A4%A7%E8%B1%86,Soybean Cultivation,agriculture,先民,起源于中国，自野生驯化，成为东亚重要农作物。,soybean_cultivation,[]
蒸锅,中国古代蒸煮炊具，最早可追溯至半坡遗址的陶制甗，由甑和鬲组成，用于蒸饭。河姆渡、良渚、龙山等文化均有发现，商朝时出现铜制甗，体现了古代烹饪技术的发展。,-5000,https://zh.wikipedia.org/wiki/%E8%92%B8,Ancient Chinese Steamer,craft,先民,古代烹饪技术的重要发明，用于蒸饭，促进饮食文化发展,ancient_chinese_steamer,[]
舟形木棺,又称独木棺，是华南地区常见的安葬方式。最早发现于浙江嘉兴崧泽文化遗址，可追溯至公元前4000-前3000年。四川成都出土的战国时期船棺，长6.84米，展示了古代中国的丧葬习俗和工艺水平。,-4000,https://zh.wikipedia.org/w/index.php?title=%E8%88%9F%E5%BD%A2%E6%9C%A8%E6%A3%BA&action=edit&redlink=1,Boat-shaped Wooden Coffin,culture,先民,体现华南早期丧葬习俗，展示古代木工工艺水平,boat_shaped_wooden_coffin,[]
瓮棺,瓮棺是中国古代用于埋葬的陶制容器，最早可追溯至前7000年的贾湖遗址。在仰韶文化时期广泛使用，主要用于儿童葬，偶有成人葬。瓮棺上常钻有小孔，据信为灵魂进出之用。其使用延续至汉朝才逐渐消失，战国时期的瓮棺多在河北与辽宁出土。,-7000,https://zh.wikipedia.org/w/index.php?title=%E7%93%AE%E6%A3%BA&action=edit&redlink=1,Pottery Burial Urn,culture,先民,新石器时代葬具，体现早期灵魂观念与丧葬习俗,pottery_burial_urn,[]
针灸,针灸是中国传统医学疗法，通过针刺穴位治疗疾病和缓解疼痛。最早记载于战国至汉代的《黄帝内经》，西汉墓中出土金针，东汉有石雕描述，宋代王惟一制作了天圣铜人模型，至今仍应用于临床如小儿夜尿症治疗。,-300,https://zh.wikipedia.org/wiki/%E9%92%88%E7%81%B8,Acupuncture Therapy,medicine,先民,传统医学重要疗法，通过针刺穴位治疗疾病，至今临床广泛应用。,acupuncture_therapy,[]
醴酒,中国古代酒精饮料，商朝时已用作祭祀贡品。约公元前1000年，中国先民发明新制程，利用霉和酵母混合发酵小米或米，提高酒精含量至11%以上，周朝诗歌中多有提及，对后世酿酒技术有重要影响。,-1600,https://zh.wikipedia.org/wiki/%E6%97%A5%E6%9C%AC%E6%B8%85%E9%85%92,Ancient Chinese Alcoholic Beverage,culture,先民,商周时期用于祭祀，改进发酵技术提高酒精度，影响后世酿酒工艺。,ancient_chinese_alcoholic_beverage,[]
编钟,中国古代青铜乐器，最早完整编钟出土于山西曲村晋侯墓地，可追溯至周代。编钟能发出不同音高，曾作为度量衡基准，其制作涉及金属合金比例、铸造工艺等条件，体现了古代中国的音乐与科技成就。,-1050,https://zh.wikipedia.org/wiki/%E7%BC%96%E9%92%9F,Bianzhong Bronze Bells,culture,周代工匠,体现古代音乐与科技成就，曾作为度量衡基准，涉及精密铸造工艺。,bianzhong_bronze_bells,[]
铸铁,中国古代铸铁技术可追溯至周朝前5世纪早期，考古证据见于江苏六合陵墓。汉朝汉武帝时期国家垄断铁生产，促进高炉和熔铁炉发展，铸铁工具因经济负担轻而广泛应用，武器则多采用熟铁与钢以提高性能。,-500,https://zh.wikipedia.org/wiki/%E9%93%B8%E9%93%81,Cast Iron,metallurgy,先民,中国古代早期铸铁技术，促进工具普及与冶金发展,cast_iron,[]
高炉,中国古代高炉可追溯至公元前3至2世纪，用于生产生铁，在汉朝时期随盐铁业垄断而广泛建造，将冶炼产品铸造成铁，推动了中国冶铁技术的发展。,-300,https://zh.wikipedia.org/wiki/%E9%AB%98%E7%88%90,Ancient Chinese Blast Furnace,metallurgy,汉朝工匠,推动生铁生产，促进冶铁技术发展，广泛应用于盐铁业。,ancient_chinese_blast_furnace,[]
熔铁炉,中国古代熔铁炉至少可追溯至战国时期，用于熔炼铁矿石并铸造铁器。汉朝时，高炉熔炼的铁常在熔铁炉中再熔，通过预热空气提高效率，直接铸入模具。这一技术促进了中国早期铁器制造的发展。,-403,https://zh.wikipedia.org/wiki/%E7%86%94%E9%90%B5%E7%88%90,Iron Melting Furnace,metallurgy,战国工匠,提升铁器熔炼效率，推动中国早期铁器制造发展,iron_melting_furnace,[]
蹴鞠,中国古代足球的前身，战国时期已有记载，见于《战国策》和《史记》。在齐国临淄流行，既是平民娱乐活动，也用于军事训练和士兵健身。汉代大将霍去病曾建球场供士兵使用。,-403,https://zh.wikipedia.org/wiki/%E8%B9%B4%E9%9E%A0,Ancient Chinese Football,culture,先民,战国时期流行，用于娱乐和军事训练，促进体育文化发展,ancient_chinese_football,[]
筷子,中国古代餐具，最早记载见于司马迁《史记》，商纣王曾用象牙制作。考古发现安阳商墓出土铜制筷子，可追溯至前1200年。前3世纪韩非子最早书面提及使用，传播至云南等地，体现饮食文化发展。,-1200,https://zh.wikipedia.org/wiki/%E7%AD%B7%E5%AD%90,Chopsticks,culture,先民,中国古代餐具，体现饮食文化发展，传播广泛。,chopsticks,[]
手持弩,中国古代重要武器，青铜弩箭可追溯至前5世纪楚国墓葬。最早装有青铜扳机的手持弩发现于前6世纪鲁国墓葬，连弩于前4世纪在湖北秦家嘴墓出土。秦始皇陵兵马俑发现复杂青铜扳机弩，汉朝弩手用于队列操练和骑兵，晁错认为汉弩优于匈奴弓，对汉匈战争胜利有贡献。,-600,https://zh.wikipedia.org/wiki/%E5%BC%A9,Handheld Crossbow,military,工匠,提升远程武器精度与威力，对汉匈战争胜利有重要贡献,handheld_crossbow,[]
牵引抛石机,中国古代战国时期（前403—前221年）发展的人力牵引式抛石机，通过人力拉动绳索将石弹抛出，用于军事攻击。13世纪，配重式抛石机由蒙古可汗忽必烈引入中国，并在襄樊之战（1267—1273年）中使用。,-403,https://zh.wikipedia.org/wiki/%E6%8A%9B%E7%9F%B3%E6%9C%BA,Human-powered traction trebuchet,military,战国工匠,战国时期人力牵引抛石机，用于军事攻击，提升攻城能力,human_powered_traction_trebuchet,[]
风筝,中国古代发明，最早记载见于《墨子》，鲁国公输班制木鸟飞行。南北朝时用于军事信号，如梁武帝被围时求救。敦煌壁画显示北魏时作为消遣，宋代和明代文献也有类似描述。,-500,https://zh.wikipedia.org/wiki/%E9%A3%8E%E7%AD%9D,Kite,culture,鲁国公输班,早期用于军事信号，后发展为民间娱乐，体现古代飞行探索,kite,[]
小孔成像,中国古代对光学现象的重要发现。墨家创始人墨子及其弟子在《墨经》中详细描述小孔成像原理，指出光线通过针孔可形成倒立影像。宋代沈括基于唐代段成式记载，进一步探讨此现象，推动了中国古代光学发展。,-391,https://zh.wikipedia.org/wiki/%E5%B0%8F%E5%AD%94%E6%88%90%E5%83%8F,Pinhole Imaging,science,墨子,墨家发现光学原理，推动中国古代光学发展,pinhole_imaging,[]
斗栱,斗栱是中国古代建筑特有的木制托架，至少自西周起用于支撑屋顶。它由斗和拱组成，兼具结构支撑与装饰功能，宋代《营造法式》有详细记载。,-1050,https://zh.wikipedia.org/wiki/%E6%96%97%E6%A0%B1,Dougong Bracket,engineering,工匠,中国古代建筑核心结构，兼具支撑与装饰功能，影响深远。,dougong_bracket,[]
织布机,织布机是中国古代发明，最早可追溯至战国时期的楚国，约公元前400年。汉代文献和纺织品分析表明，当时已使用织布机生产华丽织物，对中国纺织业发展有重要影响。,-400,https://zh.wikipedia.org/wiki/%E7%BB%87%E5%B8%83%E6%9C%BA,Loom,textile,工匠,提升织物生产效率，推动中国古代纺织业发展,loom,[]
刀币,中国古代青铜货币，主要用于春秋至战国时期的燕、齐、赵、韩、楚、梁、秦等国。据司马迁《史记》记载，刀与龟壳、贝、金曾在古代作为货币，体现了早期中国的货币发展。,-771,https://zh.wikipedia.org/wiki/%E5%88%80%E5%B8%81,Knife Money,trade,先民,早期青铜货币，促进春秋战国时期贸易流通与经济发展,knife_money,[]
折叠伞,折叠伞在中国有悠久历史，最早文字记载可追溯至新朝（9-23年），王莽曾要求安装在马车上。汉代考古出土残骸证实其使用，周朝时期可能已有复杂枢纽设计。魏朝时伞面材料从丝绸转向桑树皮油纸。,-600,https://zh.wikipedia.org/wiki/%E4%BC%9E,Folding Umbrella,craft,工匠,汉代已有使用，材料从丝绸转向油纸，体现古代工艺发展,folding_umbrella,[]
古琴,古琴是中国最古老的弦乐器之一，至少可追溯至商朝，甲骨文中有相关记载。周朝时期流行，汉代已有指法乐谱。唐代以来，古琴被尊为文人四艺之一，与仕绅阶层紧密相关，并在宋代绘画中有所体现。,-1600,https://zh.wikipedia.org/wiki/%E5%8F%A4%E7%90%B4,Ancient Chinese Zither,culture,先民,中国最古老弦乐器之一，商朝已有记载，成为文人四艺核心,ancient_chinese_zither,[]
带犁板铁犁,中国古代铁犁的重要发展。最早铁犁可追溯至周朝约公元前500年。汉代铸铁技术改进，出现重型带犁板铁犁，用于翻土和防阻塞，墓刻砖等艺术作品中有所描绘，标志着农业工具的重大进步。,-500,https://zh.wikipedia.org/w/index.php?title=%E9%87%8D%E5%9E%8B%E5%B8%A6%E7%8A%81%E6%9D%BF%E9%93%81%E7%8A%81&action=edit&redlink=1,Heavy Iron Plow with Moldboard,agriculture,汉代工匠,汉代铁犁改进，提高翻土效率，推动农业生产力发展,heavy_iron_plow_with_moldboard,[]
曲辕犁,曲辕犁，又称江东犁，是中国唐朝时期发明的犁具，见于敦煌莫高窟第445窟壁画，中国国家博物馆有复制模型。其设计改进提高了耕作效率，对古代中国农业发展有重要贡献。,618,https://zh.wikipedia.org/wiki/%E6%9B%B2%E8%BE%95%E7%8A%81,Curved-Shaft Plow,agriculture,唐朝工匠,改进犁具设计，提升耕作效率，促进古代农业发展,curved_shaft_plow,[]
直辕犁,直辕犁是中国古代的一种犁具，出现于西汉时期，由耒耜发展而来，其特点是犁辕为直形。汉代耕犁多属此类，标志着早期农业耕作技术的进步。,-202,https://zh.wikipedia.org/wiki/%E7%9B%B4%E8%BE%95%E7%8A%81,Straight Beam Plow,agriculture,汉代工匠,标志着早期农业耕作技术的进步，提高耕作效率,straight_beam_plow,[]
坎儿井,坎儿井是干旱地区的一种地下水利工程，用于灌溉荒漠地带。在中国新疆吐鲁番地区普遍分布，体现了古代劳动人民的智慧，对当地农业发展有重要作用。,-1000,https://zh.wikipedia.org/wiki/%E5%9D%8E%E5%85%92%E4%BA%95,Karez Irrigation System,engineering,先民,干旱地区的地下水利工程，促进新疆农业发展，体现古代智慧。,karez_irrigation_system,[]
筒车,筒车是中国古代的轮式提水机械，用于农田灌溉，可将低处水提至高处。以水力和畜力为动力，南方多竹制，北方多木制，体现了古代农业灌溉技术的智慧。,600,https://zh.wikipedia.org/wiki/%E7%AD%92%E8%BD%A6,Water Wheel for Irrigation,agriculture,工匠,提升农田灌溉效率，展现古代农业机械智慧,water_wheel_for_irrigation,[]
都江堰,都江堰是中国古代水利工程，位于四川省，由李冰父子在战国时期修建。它利用无坝引水技术，有效控制岷江水流，用于灌溉和防洪，至今仍在使用，是世界水利史上的杰作。,-256,https://zh.wikipedia.org/wiki/%E9%83%BD%E6%B1%9F%E5%A0%B0,Dujiangyan Irrigation System,engineering,李冰父子,战国时期修建，无坝引水技术，用于灌溉防洪，至今仍在使用。,dujiangyan_irrigation_system,[]
浑象,浑象是中国古代表现天体运动的演示仪器，类似天球仪。公元前4世纪，战国时期的石申和甘德最早制作浑象，用于天文观测和演示，体现了古代中国的天文学成就。,-400,https://zh.wikipedia.org/wiki/%E6%B5%91%E8%B1%A1,Celestial Globe,science,石申、甘德,古代演示天体运动的天文仪器，体现早期天文学成就,celestial_globe,[]
水运仪象台,北宋苏颂发明的自动化天文演示装置，集观测、计时与演示功能于一体，利用水力驱动，代表中国古代天文仪器制造的高峰。,1101,https://zh.wikipedia.org/wiki/%E6%B0%B4%E9%81%8B%E5%84%80%E8%B1%A1%E5%8F%B0,Water-Powered Astronomical Clock Tower,science,苏颂,集观测、计时、演示于一体，代表中国古代天文仪器制造高峰,water_powered_astronomical_clock_tower,[]
指南车,指南车，又称司南车，是中国古代一种利用差速器辨认方向的仪器。传说由轩辕黄帝或周公发明，可靠记载见于三国时魏国马钧制作。车上小人手指南方，用于指示方向。,220,https://zh.wikipedia.org/wiki/%E6%8C%87%E5%8D%97%E8%BD%A6,South-Pointing Chariot,navigation,马钧,利用差速器指示方向，是中国古代重要的导航仪器。,south_pointing_chariot,[]
木牛流马,三国时期蜀汉丞相诸葛亮及蒲元等人发明的运输工具，分为木牛与流马，用于北伐时运输粮食，载重量约二百公斤以上，每日行程数十里，为蜀军提供后勤支持，具体构造现已不明。,231,https://zh.wikipedia.org/wiki/%E6%9C%A8%E7%89%9B%E6%B5%81%E9%A9%AC,Wooden Ox and Gliding Horse,engineering,诸葛亮及蒲元,三国时期蜀汉发明的运输工具，用于北伐后勤支持，提升粮食运输效率。,wooden_ox_and_gliding_horse,[]
滑轮,中国古代重要的机械传动部件，用于改变力的方向或省力。最早出现于汉代的画像砖和陶井模，在《墨经》中也有相关记载。,-206,https://zh.wikipedia.org/wiki/%E6%BB%91%E8%BD%AE,Pulley,engineering,汉代工匠,汉代已用于机械传动，改变力的方向或省力，提升效率。,pulley,[]
链条传动,中国早在公元二世纪已有链条传动应用。东汉毕岚发明的翻车运用链轮传动原理，北宋张思训将其用于天文钟，体现了古代机械技术的进步。,100,https://baike.baidu.com/item/%E5%82%B3%E5%8B%95%E9%8F%88%E6%A2%9D/8364708,Chain Drive,engineering,毕岚,东汉翻车应用链轮传动，北宋用于天文钟，体现古代机械技术进步,chain_drive,[]
齿轮传动,中国古代机械核心技术。山西侯马东周晋国铸铜遗址出土了迄今所知最早的青铜齿轮，用于辘轳等机械的止动功能。汉代齿轮技术进一步发展，被用于传动机械。,-770,https://baike.baidu.com/item/%E4%B8%AD%E5%9B%BD%E9%9D%92%E9%93%9C%E9%BD%BF%E8%BD%AE/10232139,Gear Transmission,engineering,工匠,中国古代机械核心技术，用于辘轳等机械，汉代进一步发展传动应用。,gear_transmission,[]
水力磨坊,中国古代利用水力驱动的磨坊，用于研磨谷物。汉朝时期已有应用，东汉杜诗发明水排，祖冲之设计水碓磨，体现早期机械传动技术。,31,https://zh.wikipedia.org/wiki/%E6%B0%B4%E7%A3%A8,Water-Powered Mill,engineering,工匠,利用水力驱动研磨谷物，体现早期机械传动技术，提升生产效率。,water_powered_mill,[]
风力磨坊,中国古代利用风能的机械装置，用于驱动磨盘。元朝时期已应用于农业生产，出现了风车和风磨，促进了农业效率提升。,1271,https://zh.wikipedia.org/wiki/%E9%A3%8E%E8%BD%A6,Wind-Powered Mill,agriculture,元朝工匠,利用风能驱动磨盘，提升农业加工效率，促进生产力发展,wind_powered_mill,[]
弩机,弩机是中国古代弓弩的核心部件，用于发射箭矢的机械装置。战国时期已使用青铜弩机，汉代进一步改进完善，在军事战争中发挥了重要作用，体现了古代中国的机械制造智慧。,-475,https://zh.wikipedia.org/wiki/%E5%BC%93%E7%A0%94,Crossbow Trigger Mechanism,military,战国工匠,提升弓弩射击精度与威力，推动古代军事技术进步,crossbow_trigger_mechanism,[]
耧车,耧车是中国古代播种工具，由耧斗、耧腿和耧铧组成，可同时完成开沟和播种。它在汉代得到广泛应用，提高了农业效率，是古代中国农具技术的重要创新。,-202,https://zh.wikipedia.org/wiki/耧车,Seed Drill,agriculture,汉代工匠,提高播种效率，推动古代农业技术发展,seed_drill,[]
秧马,秧马是中国古代用于水田拔秧的坐骑工具，起源于宋代，能减轻农民劳动强度，提高水稻种植效率，体现了古代农业技术的进步。,960,https://zh.wikipedia.org/wiki/秧马,Rice Seedling Horse,agriculture,宋代农民,减轻水田拔秧劳动强度，提高水稻种植效率，体现农业技术进步,rice_seedling_horse,[]
翻车,翻车是中国古代灌溉工具，用于汲水，能连续提取水源。它提高了农业灌溉效率，在中国古代农业生产中发挥了重要作用。,100,https://zh.wikipedia.org/wiki/翻车_(灌溉工具),Water Lifting Device,agriculture,工匠,提高农业灌溉效率，促进古代农业生产发展,water_lifting_device,[]
脚踏水车,中国古代农业灌溉工具，需人力踩踏驱动，用于提升水位灌溉农田。在汉代已有使用，提高了农业生产效率，是古代水利技术的重要发明。,-206,https://zh.wikipedia.org/wiki/水车,Treadle Water Wheel,agriculture,汉代工匠,提升农田灌溉效率，推动古代水利技术进步,treadle_water_wheel,[]
赵州桥,位于河北赵县，建于隋朝，是世界上现存最早、保存最好的敞肩式拱桥，体现了中国古代桥梁建筑的高超技艺。,605,https://zh.wikipedia.org/wiki/赵州桥,Zhaozhou Bridge,engineering,李春,世界最早敞肩式拱桥，展现隋朝桥梁建筑高超技艺,zhaozhou_bridge,[]
榫卯,榫卯是中国古代木构建筑的核心连接技术，不使用钉子即可实现牢固结合，广泛应用于宫殿、寺庙和民居等建筑中，体现了古代工匠的智慧和工艺水平。,-7000,https://zh.wikipedia.org/wiki/榫卯,Mortise and Tenon Joint,craft,工匠,中国古代木构建筑核心连接技术，体现工匠智慧与工艺水平。,mortise_and_tenon_joint,[]
斗拱,斗拱是中国古代建筑特有的结构构件，用于支撑屋顶和梁架，兼具承重与装饰功能。其起源可追溯至商周时期，在唐宋时期达到成熟，广泛应用于宫殿、寺庙等建筑中，体现了古代工匠的智慧与艺术成就。,-1046,https://zh.wikipedia.org/wiki/斗拱,Dougong Bracket System,engineering,工匠,支撑屋顶与梁架，兼具承重与装饰，体现古代建筑智慧,dougong_bracket_system,[]
万里长城,万里长城是中国古代伟大的防御工程，始建于春秋战国时期，秦朝统一后大规模连接和扩建，后续汉、明等朝代不断修缮和延伸。它主要用于防御北方游牧民族入侵，体现了中国古代军事防御和建筑技术的卓越成就，是世界文化遗产之一。,-770,https://zh.wikipedia.org/wiki/万里长城,Great Wall of China,military,秦朝,中国古代军事防御工程的典范，体现建筑技术成就，保护中原文明。,great_wall_of_china,[]
京杭大运河,京杭大运河是中国古代南北交通大动脉，连接北京和杭州，始建于春秋时期，隋唐时期大规模扩建，促进了经济文化交流，是世界上最长的人工运河。,-770,https://zh.wikipedia.org/wiki/京杭大运河,Grand Canal,engineering,先民,连接南北交通，促进经济文化交流，是世界最长人工运河。,grand_canal,[]
天然气,中国早在汉代就发现和利用天然气，用于照明和煮盐。这一早期应用体现了古代中国在能源利用方面的先进技术。,-202,https://zh.wikipedia.org/wiki/天然气,Natural Gas Utilization,engineering,汉代工匠,汉代发现并用于照明和煮盐，体现古代能源利用的先进技术。,natural_gas_utilization,[]
生铁,生铁是中国古代冶金的产物，用于铸造各种铁器。它在中国历史上广泛应用于农业、军事和日常工具制造，推动了社会生产力的发展。,-600,https://zh.wikipedia.org/wiki/生铁,Pig Iron,metallurgy,先民,推动铁器广泛应用，促进农业、军事和工具制造发展,pig_iron,[]
织机,织机是中国古代重要的纺织工具，用于织造布匹。早在商周时期已有原始织机，汉代出现提花机，促进了丝绸业发展，对古代经济和文化有深远影响。,-1600,https://zh.wikipedia.org/wiki/织机,Loom,textile,先民,推动丝绸业发展，对古代经济和文化产生深远影响,loom,[]
棉纺,棉纺技术在中国宋元时期发展，用于纺制棉布，促进了纺织业的进步，对古代经济和文化有重要影响。,960,https://zh.wikipedia.org/wiki/棉纺,Cotton Spinning,textile,工匠,推动纺织业进步，对古代经济和文化产生重要影响,cotton_spinning,[]
福船,福船是中国古代的一种海船类型，主要航行于东南沿海地区，在宋代至明代期间广泛使用，以其坚固结构和适应远洋航行的能力而闻名，对中国古代海上贸易和航海技术发展有重要贡献。,960,https://zh.wikipedia.org/wiki/福船,Fuchuan Ship,navigation,宋代工匠,坚固结构适应远洋航行，推动海上贸易与航海技术发展,fuchuan_ship,[]
沙船,沙船是中国古代的一种平底浅船，设计用于浅水航行，常见于内河与沿海水域，体现了古代中国造船技术的实用性和适应性。,-1046,https://zh.wikipedia.org/wiki/沙船,Flat-bottomed Shallow-draft Ship,navigation,工匠,适应浅水航行，体现古代中国造船技术的实用性与适应性,flat_bottomed_shallow_draft_ship,[]
车船,车船是中国古代的一种明轮船，以人力踏动桨轮驱动。它在宋代得到广泛应用，用于军事和水上运输，体现了古代中国在船舶技术上的创新。,960,https://zh.wikipedia.org/wiki/车船,Paddle Wheel Boat,engineering,宋代工匠,宋代广泛应用，提升军事与运输效率，体现船舶技术创新。,paddle_wheel_boat,[]
火炮,火炮是中国古代火器，利用火药发射弹丸。起源于宋代，用于军事攻击，推动火器技术发展，对战争史有重要影响。,960,https://zh.wikipedia.org/wiki/火炮,Cannon,military,宋代工匠,推动火器技术发展，对战争史产生重要影响,cannon,[]
虎蹲炮,虎蹲炮是明代中国的一种火器，因其形状类似蹲踞的老虎而得名。它主要用于军事防御和攻击，体现了古代中国在火药武器技术上的发展。,1368,https://zh.wikipedia.org/wiki/虎蹲炮,Tiger Crouching Cannon,military,明代工匠,明代火器代表，提升军事攻防能力，推动火药武器技术发展。,tiger_crouching_cannon,[]
战车,战车是中国古代军事交通工具，用于作战运输。起源于商周时期，作为战争中的核心装备，在车战中发挥重要作用，促进了古代军事战术和交通技术的发展。,-1046,https://zh.wikipedia.org/wiki/战车,Ancient Chinese War Chariot,military,商周工匠,作为战争核心装备，推动古代军事战术和交通技术发展,ancient_chinese_war_chariot,[]
书法,书法是中国传统文化艺术，以汉字为载体，强调书写法则与美学。起源于商周甲骨文，历经篆、隶、楷、行、草等书体演变，成为中华文明的重要象征。,-1600,https://zh.wikipedia.org/wiki/书法,Chinese Calligraphy,culture,先民,以汉字为载体，强调书写法则与美学，成为中华文明的重要象征。,chinese_calligraphy,[]
篆刻,篆刻是中国传统艺术，在印章上雕刻文字，起源于商周时期，秦汉时期发展成熟，广泛应用于官方文书和文人雅士的创作中，具有独特的艺术和文化价值。,-1046,https://zh.wikipedia.org/wiki/篆刻,Seal Carving Art,culture,商周先民,起源于商周，成熟于秦汉，成为官方文书和文人创作的重要艺术形式。,seal_carving_art,[]
太初历,太初历是中国西汉时期制定的历法，由司马迁等人编修，于公元前104年颁行。它采用四分历法，以365.25天为一年，首次将二十四节气纳入历法体系，对后世历法发展产生深远影响。,-104,https://zh.wikipedia.org/wiki/太初历,Taichu Calendar,science,司马迁等人,首次纳入二十四节气，奠定后世历法基础，影响深远。,taichu_calendar,[]
油灯,油灯是中国古代照明工具，以油为燃料，广泛应用于日常生活和祭祀活动，历史悠久，体现了古代中国的照明技术发展。,-2000,https://zh.wikipedia.org/wiki/油灯,Oil Lamp,craft,先民,古代照明工具，推动日常生活与祭祀活动发展,oil_lamp,[]
火折子,火折子是中国古代发明的便携引火工具，常用于日常生活和军事活动，便于快速点燃火源。,-200,https://zh.wikipedia.org/wiki/火折子,Fire Striker,craft,工匠,便携引火工具，提升日常生活与军事活动的点火效率,fire_striker,[]
酿酒,酿酒是中国古代发明，利用谷物发酵酿造酒精饮料。历史可追溯至新石器时代，如贾湖遗址出土的陶器残留物表明早期酿酒活动。在中国古代，酿酒技术不断发展，应用于祭祀、饮食和文化活动中，对中华文明有重要影响。,-7000,https://zh.wikipedia.org/wiki/酿酒,Ancient Chinese Brewing,culture,先民,新石器时代谷物发酵技术，奠定中华酒文化基础,ancient_chinese_brewing,[]
火锅,火锅是中国传统烹饪方式，起源于古代，以边煮边吃为特色，常用于聚餐，体现了中国饮食文化的社交性和多样性，历史悠久。,-200,https://zh.wikipedia.org/wiki/火锅,Hot Pot,culture,先民,体现中国饮食文化的社交性与多样性，历史悠久，常用于聚餐。,hot_pot,[]
铜镜,铜镜是中国古代照面工具，属于青铜器重要种类。其历史可追溯至商周时期，广泛应用于日常生活和礼仪中，反映了古代中国的工艺技术和审美文化。,-1600,https://zh.wikipedia.org/wiki/铜镜,Bronze Mirror,craft,商周工匠,作为青铜器重要种类，体现古代工艺技术与审美文化，广泛应用于生活与礼仪。,bronze_mirror,[]
玉器,玉器是中国古代重要工艺品，用玉石雕刻而成。起源于新石器时代，如红山文化和良渚文化，用于祭祀、装饰和礼仪，体现中华文明的精神内涵和艺术成就。,-5000,https://zh.wikipedia.org/wiki/玉器,Jade Carving,craft,先民,新石器时代起源，用于祭祀装饰，体现中华文明精神与艺术,jade_carving,[]
